[
    {
        "company": "McCann Services Inc.",
        "customername": "Hannah Santillo",
        "email": "hsan7@gmail.com",
        "number": "(713) 553-4194",
        "unithealth": "green",
        "location":[]
        },

    {
        "company": "McCann Services Inc.",
        "customername": "Tanvi Bansal",
        "email": "tanvib@gmail.com",
        "number": "(281) 840-5464",
        "unithealth": "green",
        "location":[]
        },


    {
        "company": "McCann Services Inc.",
        "customername": "Caroline Page",
        "email": "cpage@gmail.com",
        "number": "(713) 532-7732",
        "unithealth": "green",
        "location":[]
        },

    {
        "company": "McCann Services Inc.",
        "customername": "Grace Newville",
        "email": "gnewville@gmail.com",
        "number": "(713) 638-2828",
        "unithealth": "green",
        "location":[]
        },

    {
        "company": "McCann Services Inc.",
        "customername": "Jacob Reini",
        "email": "jacobreini@gmail.com",
        "number": "(281) 312-8227",
        "unithealth": "green",
        "location":[]
        },

    {
        "company": "McCann Services Inc.",
        "customername": "Joseph Kelley",
        "email": "joekelley8@gmail.com",
        "number": "(281) 244-1354",
        "unithealth": "green",
        "location":[]
        },

    {
        "company": "McCann Services Inc.",
        "customername": "Hector Prieto",
        "email": "hprieto93@gmail.com",
        "number": "(713) 320-8878",
        "unithealth": "green",
        "location":[]
        },

    {
        "company": "McCann Services Inc.",
        "customername": "Tayna Viscardi",
        "email": "taynaviscardi@gmail.com",
        "number": "(281) 648-5994",
        "unithealth": "green",
        "location":[]
        },

    {
        "company": "McCann Services Inc.",
        "customername": "Gautum Suresh",
        "email": "gautum1996@gmail.com",
        "number": "(713) 307-2814",
        "unithealth": "green",
        "location":[]
        },


    {
        "company": "McCann Services Inc.",
        "customername": "Ryan Connelly",
        "email": "rconnelly@gmail.com",
        "number": "(281) 435-1853",
        "unithealth": "green",
        "location":[]
        },


    {
        "company": "McCann Services Inc.",
        "customername": "Mark Gross",
        "email": "mgross83@gmail.com",
        "number": "(713) 207-1527",
        "unithealth": "green",
        "location":[]
        },


    {
        "company": "McCann Services Inc.",
        "customername": "Rafael Garcia",
        "email": "rafgarcia3@gmail.com",
        "number": "(713) 768-5076",
        "unithealth": "green",
        "location":[]
        },

    {
        "company": "McCann Services Inc.",
        "customername": "Madison Ward",
        "email": "maddieward@gmail.com",
        "number": "(281) 523-5165",
        "unithealth": "green",
        "location":[]
        },

    {
        "company": "McCann Services Inc.",
        "customername": "Farris Russell",
        "email": "frussell33@gmail.com",
        "number": "(281) 655-5902",
        "unithealth": "green",
        "location":[]
        },

    {
        "company": "McCann Services Inc.",
        "customername": "Landon Keller",
        "email": "lkeller82@gmail.com",
        "number": "(713) 770-8835",
        "unithealth": "green",
        "location":[]
        },

    {
        "company": "McCann Services Inc.",
        "customername": "Nick Rogstad",
        "email": "nickrogstad@gmail.com",
        "number": "(713) 299-9588",
        "unithealth": "green",
        "location":[]
        },

    {
        "company": "McCann Services Inc.",
        "customername": "Sam Rubin",
        "email": "sam7rubin7@gmail.com",
        "number": "(281) 478-7030",
        "unithealth": "green",
        "location":[]
        },


    {
        "company": "McCann Services Inc.",
        "customername": "Maggie Jennings",
        "email": "maggiej787@gmail.com",
        "number": "(713) 507-5176",
        "unithealth": "green",
        "location":[]
        },


    {
        "company": "McCann Services Inc.",
        "customername": "Chris Cappa",
        "email": "ccappa44@gmail.com",
        "number": "(713) 654-8172",
        "unithealth": "green",
        "location":[]
        },

    {
        "company": "McCann Services Inc.",
        "customername": "Alex Wandrick",
        "email": "wandy123@gmail.com",
        "number": "(713) 553-6555",
        "unithealth": "green",
        "location":[]
        },

    {
        "company": "McCann Services Inc.",
        "customername": "Katherine Sarris",
        "email": "katsarris4@gmail.com",
        "number": "(713) 817-2995",
        "unithealth": "green",
        "location":[]
        },

    {
        "company": "McCann Services Inc.",
        "customername": "Abby Heulfer",
        "email": "abbyh231@gmail.com",
        "number": "(713) 239-7788",
        "unithealth": "green",
        "location":[]
        },

    {
        "company": "McCann Services Inc.",
        "customername": "Camille Sylvester",
        "email": "camilles1010@gmail.com",
        "number": "(281) 420-1520",
        "unithealth": "green",
        "location":[]
        },

    {
        "company": "McCann Services Inc.",
        "customername": "Brawley Thomas",
        "email": "brawleyt@gmail.com",
        "number": "(281) 713-9282",
        "unithealth": "green",
        "location":[]
        },

    {
        "company": "McCann Services Inc.",
        "customername": "Franklin Maxwell",
        "email": "frankmax@gmail.com",
        "number": "(713) 910-5329",
        "unithealth": "green",
        "location":[]
        }

    ]



