{
    "jenny": {
        "app_function": "app.__init__.app", 
        "project_name": "flask-lambda-la", 
        "s3_bucket": "zappa-t9gmlb8ju", 
        "aws_region": "us-east-1", 
        "profile_name": "default", 
        "runtime": "python2.7", 
        "events": [
            {
                "function": "app.events.s3_uploadTrigger", 
                "event_source": {
                    "events": [
                        "s3:ObjectCreated:Post"
                    ], 
                    "arn": "arn:aws:s3:::flasklambdalab-dev-uploads-a209b368"
                }
            }
        ]
    }
}
